"BKT","Date","Image","id","type","FC","CC","CP","Le","L","CI","k","imgchannel","gapmethod","imgmethod","thd"
"BKT01",2025-05-09,"UpperBKT01_20250509.JPG","Canopy20250509.jpg","knee",0.8606386179,0.9820265587,0.1236096312,3.941369697,4.106102112,0.959881072,0.5,3,"macfarlane","Otsu",0.013
"BKT03",2025-05-09,"UpperBKT03_20250509.JPG","Canopy20250509.jpg","knee",0.8123331798,0.9850186602,0.1753118874,3.346174243,3.430206677,0.9755022242,0.5,3,"macfarlane","Otsu",0.013
"BKT04",2025-05-09,"UpperBKT04_20250509.JPG","Canopy20250509.jpg","knee",0.8400733123,0.963978647,0.128535352,3.666079541,3.955303292,0.9268769726,0.5,3,"macfarlane","Otsu",0.013
"BKT05",2025-05-09,"UpperBKT05_20250509.JPG","Canopy20250509.jpg","knee",0.8190188643,0.9682407637,0.1541165225,3.418724952,3.62131016,0.944057482,0.5,3,"macfarlane","Otsu",0.013
"BKT06",2025-05-08,"UpperBKT06_20250508.JPG","Canopy20250508.jpg","knee",0.7415040621,0.8508958753,0.1285607516,2.705750598,3.490976824,0.7750697684,0.5,3,"macfarlane","Otsu",0.013
"BKT07",2025-05-08,"UpperBKT07_20250508.JPG","Canopy20250508.jpg","knee",0.7632222642,0.8863080967,0.1388747694,2.881266803,3.499468208,0.8233441859,0.5,3,"macfarlane","Otsu",0.013
"BKT08",2025-05-08,"UpperBKT08_20250508.JPG","Canopy20250508.jpg","knee",0.698172474,0.7591475537,0.08032045859,2.395799062,3.828731708,0.6257422155,0.5,3,"macfarlane","Otsu",0.013
"BKT09",2025-05-08,"UpperBKT09_20250508.JPG","Canopy20250508.jpg","knee",0.190567228,0.2158814143,0.1172596832,0.4228431163,0.9254250282,0.4569177442,0.5,3,"macfarlane","Otsu",0.013
"BKT10",2025-05-08,"UpperBKT10_20250508.JPG","Canopy20250508.jpg","knee",0.3433556679,0.3827495118,0.1029233029,0.841225517,1.740569634,0.4833047186,0.5,3,"macfarlane","Otsu",0.013
"BKT11",2025-06-11,"LowerBKT11_20250611.JPG","IMG_8683.JPG","ground",0.8331049192,0.9221377787,0.09655049553,3.580779846,4.311342938,0.8305486011,0.5,3,"macfarlane","Otsu",0.013
"BKT11",2025-06-11,"UpperBKT11_20250611.JPG","IMG_8682.JPG","knee",0.8106448019,0.8895529711,0.08870541917,3.328261345,4.309767251,0.7722601133,0.5,3,"macfarlane","Otsu",0.013
"BKT12",2025-06-11,"LowerBKT12_20250611.JPG","IMG_8685.JPG","ground",0.8662618693,0.9591021497,0.09679915787,4.02374328,4.479231439,0.8983110907,0.5,3,"macfarlane","Otsu",0.013
"BKT12",2025-06-11,"UpperBKT12_20250611.JPG","IMG_8684.JPG","knee",0.836553849,0.9227683164,0.09343024238,3.622543389,4.374918764,0.8280252924,0.5,3,"macfarlane","Otsu",0.013
"BKT13",2025-06-11,"LowerBKT13_20250611.JPG","IMG_8687.JPG","ground",0.8853675392,0.9824482841,0.09881511982,4.332048523,4.547762246,0.9525670623,0.5,3,"macfarlane","Otsu",0.013
"BKT13",2025-06-11,"UpperBKT13_20250611.JPG","IMG_8686.JPG","knee",0.8662217636,1,0.1337782364,4.023143604,4.023143604,1,0.5,3,"macfarlane","Otsu",0.013
"BKT14",2025-06-11,"LowerBKT14_20250611.JPG","IMG_8689.JPG","ground",0.8391487478,0.9593788711,0.1253207955,3.654550481,3.985026635,0.9170705283,0.5,3,"macfarlane","Otsu",0.013
"BKT14",2025-06-11,"UpperBKT14_20250611.JPG","IMG_8688.JPG","knee",0.8050112165,0.9265498204,0.1311733068,3.269626485,3.764082474,0.8686383753,0.5,3,"macfarlane","Otsu",0.013
"BKT15",2025-06-11,"LowerBKT15_20250611.JPG","IMG_8691.JPG","ground",0.860727277,0.9825524442,0.1239884628,3.942642465,4.102287644,0.9610838651,0.5,3,"macfarlane","Otsu",0.013
"BKT15",2025-06-11,"UpperBKT15_20250611.JPG","IMG_8690.JPG","knee",0.8766767316,1,0.1233232684,4.185892347,4.185892347,1,0.5,3,"macfarlane","Otsu",0.013
"BKT16",2025-06-11,"LowerBKT16_20250611.JPG","IMG_8693.JPG","ground",0.8593050405,0.9620238817,0.1067736915,3.92232228,4.30417896,0.9112823413,0.5,3,"macfarlane","Otsu",0.013
"BKT16",2025-06-11,"UpperBKT16_20250611.JPG","IMG_8692.JPG","knee",0.8471869554,0.9758612646,0.1318571747,3.757080071,3.954260013,0.9501348062,0.5,3,"macfarlane","Otsu",0.013
"BKT17",2025-06-17,"LowerBKT17_20250617.JPG","IMG_8734.JPG","ground",0.8816438564,0.9292068052,0.05118661263,4.268114068,5.523720501,0.7726882755,0.5,3,"macfarlane","Otsu",0.013
"BKT17",2025-06-17,"UpperBKT17_20250617.JPG","IMG_8733.JPG","knee",0.7251871765,0.8248450229,0.1208200857,2.58333011,3.486541939,0.7409433631,0.5,3,"macfarlane","Otsu",0.013
"BKT18",2025-06-18,"LowerBKT18_20250618.JPG","IMG_8736.JPG","ground",0.9161393869,0.9589684639,0.04466161157,4.957198452,5.96217727,0.83144097,0.5,3,"macfarlane","Otsu",0.013
"BKT18",2025-06-18,"UpperBKT18_20250618.JPG","IMG_8735.JPG","knee",0.8986017777,0.9779522583,0.08113942156,4.577399439,4.912423086,0.9318007344,0.5,3,"macfarlane","Otsu",0.013
"BKT19",2025-06-19,"LowerBKT19_20250619.JPG","IMG_8738.JPG","ground",0.8299801981,0.9636231904,0.13868802,3.543680734,3.807329822,0.9307522331,0.5,3,"macfarlane","Otsu",0.013
"BKT19",2025-06-19,"UpperBKT19_20250619.JPG","IMG_8737.JPG","knee",0.7947367653,0.9829862259,0.1915077299,3.166924103,3.249412558,0.9746143485,0.5,3,"macfarlane","Otsu",0.013
"BKT20",2025-07-31,"LowerBKT20_20250731.JPG","IMG_0091.JPG","ground",0.7872173078,0.8948739121,0.1203036571,3.094967717,3.790213857,0.8165680972,0.5,3,"macfarlane","Otsu",0.013
"BKT20",2025-07-31,"UpperBKT20_20250731.JPG","IMG_0090.JPG","knee",0.7563500757,0.8664809336,0.1271013056,2.824045641,3.574703187,0.7900084267,0.5,3,"macfarlane","Otsu",0.013
"BKT21",2025-07-31,"LowerBKT21_20250731.JPG","IMG_0089.JPG","ground",0.5620990246,0.6963298244,0.192768994,1.651524955,2.292683674,0.7203457565,0.5,3,"macfarlane","Otsu",0.013
"BKT21",2025-07-31,"UpperBKT21_20250731.JPG","IMG_0088.JPG","knee",0.5043755446,0.5470885692,0.07807332677,1.403873571,2.790268569,0.5031320592,0.5,3,"macfarlane","Otsu",0.013
"BKT22",2025-07-31,"LowerBKT22_20250731.JPG","IMG_0087.JPG","ground",0.7822713431,0.8877309074,0.1187967698,3.04901137,3.782339209,0.8061179077,0.5,3,"macfarlane","Otsu",0.013
"BKT22",2025-07-31,"UpperBKT22_20250731.JPG","IMG_0086.JPG","knee",0.7894255021,0.8799033985,0.1028270792,3.115831558,4.003044038,0.7783655459,0.5,3,"macfarlane","Otsu",0.013
"BKT23",2025-07-31,"LowerBKT23_20250731.JPG","IMG_0081.JPG","ground",0.9266056731,1,0.07339432687,5.223817274,5.223817274,1,0.5,3,"macfarlane","Otsu",0.013
"BKT23",2025-07-31,"UpperBKT23_20250731.JPG","IMG_0080.JPG","knee",0.8922749945,0.9697925852,0.07993213388,4.456347089,4.900511923,0.9093635846,0.5,3,"macfarlane","Otsu",0.013
"BKT24",2025-07-31,"LowerBKT24_20250731.JPG","IMG_0083.JPG","ground",0.6129660632,0.7821191218,0.2162753139,1.898485795,2.395166418,0.7926321031,0.5,3,"macfarlane","Otsu",0.013
"BKT24",2025-07-31,"UpperBKT24_20250731.JPG","IMG_0082.JPG","knee",0.4469369876,0.5270147845,0.1519460161,1.184566675,1.986034112,0.5964483025,0.5,3,"macfarlane","Otsu",0.013
"BKT25",2025-07-31,"LowerBKT25_20250731.JPG","IMG_0085.JPG","ground",0.5433787471,0.5878733197,0.07568734799,1.567802,3.034771696,0.5166128319,0.5,3,"macfarlane","Otsu",0.013
"BKT25",2025-07-31,"UpperBKT25_20250731.JPG","IMG_0084.JPG","knee",0.3688272425,0.4127998663,0.1065228634,0.9203513405,1.848844439,0.4977981495,0.5,3,"macfarlane","Otsu",0.013
"BKT26",2025-07-31,"LowerBKT26_20250731.JPG","IMG_0079.JPG","ground",0.6801617155,0.7398284787,0.08064945435,2.279879544,3.725248336,0.6120073988,0.5,3,"macfarlane","Otsu",0.013
"BKT26",2025-07-31,"UpperBKT26_20250731.JPG","IMG_0078.JPG","knee",0.723625021,0.8370071505,0.135461363,2.571993432,3.346469798,0.768569145,0.5,3,"macfarlane","Otsu",0.013
"BKT27",2025-07-31,"LowerBKT27_20250731.JPG","IMG_0077.JPG","ground",0.4449571254,0.4711258346,0.05554505244,1.177419833,2.723635769,0.432297096,0.5,3,"macfarlane","Otsu",0.013
"BKT27",2025-07-31,"UpperBKT27_20250731.JPG","IMG_0076.JPG","knee",0.2356172938,0.2670515013,0.1177084098,0.5373733818,1.142737311,0.4702510163,0.5,3,"macfarlane","Otsu",0.013
