"Site","Date_Folder","Image","id","FC","CC","CP","Le","L","CI","k","imgchannel","gapmethod","imgmethod","thd"
"BOHO01","BOHO01_20260626","LowerBOHO01_20260626.JPG","LowerBOHO01_20260626.JPG",0.865104141549318,0.953064341603976,0.0922919851419718,4.00650443424841,4.54191956855041,0.882116993438331,0.5,3,"macfarlane","Otsu",0.013
"BOHO01","BOHO01_20260626","UpperBOHO01_20260626.JPG","UpperBOHO01_20260626.JPG",0.841135409633809,0.94937253096467,0.114009114231354,3.67940614504856,4.12308101132083,0.892392396595152,0.5,3,"macfarlane","Otsu",0.013
"BOHO02","BOHO02_20260626","LowerBOHO02_20260626.JPG","LowerBOHO02_20260626.JPG",0.8448956650471,0.941916822896574,0.103003954798381,3.72731451956806,4.28193107381402,0.870475132671404,0.5,3,"macfarlane","Otsu",0.013
"BOHO02","BOHO02_20260626","UpperBOHO02_20260626.JPG","UpperBOHO02_20260626.JPG",0.820490770379212,0.949706591696407,0.136058675855229,3.43505730775095,3.78870068281537,0.906658402267444,0.5,3,"macfarlane","Otsu",0.013
"BOHO03","BOHO03_20260626","LowerBOHO03_20260626.JPG","LowerBOHO03_20260626.JPG",0.816775349432549,0.945391933613847,0.136045781234508,3.3940845605894,3.77166725577516,0.89988971200797,0.5,3,"macfarlane","Otsu",0.013
"BOHO03","BOHO03_20260626","UpperBOHO03_20260626.JPG","UpperBOHO03_20260626.JPG",0.838145503291377,0.973795824090154,0.139300577639588,3.64211503162005,3.838939286922,0.948729521205905,0.5,3,"macfarlane","Otsu",0.013
"BOHO04","BOHO04_20260626","LowerBOHO04_20260626.JPG","LowerBOHO04_20260626.JPG",0.82025950239519,0.882574575918693,0.0706060147479748,3.43248229657135,4.67877484788577,0.733628440813391,0.5,3,"macfarlane","Otsu",0.013
"BOHO04","BOHO04_20260626","UpperBOHO04_20260626.jpg","UpperBOHO04_20260626.jpg",0.815201245217657,0.881378864555204,0.0750841913720545,3.37697571597608,4.56403578960759,0.739909998879835,0.5,3,"macfarlane","Otsu",0.013
"GOME01","GOME01_20260629","LowerGOME01_20260629.jpg","LowerGOME01_20260629.jpg",0.646807321305138,0.650953441980935,0.00636930448233042,2.08148307792833,6.5827862129876,0.316200923223305,0.5,3,"macfarlane","Otsu",0.013
"GOME01","GOME01_20260629","UpperGOME01_20260629.jpg","UpperGOME01_20260629.jpg",0.537789050443673,0.540627310796039,0.00524993890557834,1.54346778267908,5.6760881314138,0.271924562646745,0.5,3,"macfarlane","Otsu",0.013
"GOME02","GOME02_20260629","LowerGOME02_20260629.jpg","LowerGOME02_20260629.jpg",0.062930950902617,0.0791092232912165,0.204505514218539,0.129996615572091,0.251118043388029,0.517671346185266,0.5,3,"macfarlane","Otsu",0.013
"GOME02","GOME02_20260629","UpperGOME02_20260629.jpg","UpperGOME02_20260629.jpg",0.317357004424672,0.327851472077547,0.0320098231872272,0.763566513084448,2.25674098554036,0.338349202667411,0.5,3,"macfarlane","Otsu",0.013
"GOME03","GOME03_20260629","LowerGOME03_20260629.jpg","LowerGOME03_20260629.jpg",0.0179499245474859,0.0181003146701388,0.00830870210787515,0.0362259571905757,0.173417372398271,0.208894626239516,0.5,3,"macfarlane","Otsu",0.013
"GOME03","GOME03_20260629","UpperGOME03_20260629.jpg","UpperGOME03_20260629.jpg",0.0596333570441101,0.074306095578543,0.197463457340771,0.122970868136763,0.241078954765638,0.51008545418785,0.5,3,"macfarlane","Otsu",0.013
"SOWE01","SOWE01_20260701","LowerSOWE01_20260701.jpg","LowerSOWE01_20260701.jpg",0.805764280719522,0.865170953695667,0.0686646641595906,3.27736561930903,4.63475637825584,0.707127916083128,0.5,3,"macfarlane","Otsu",0.013
"SOWE01","SOWE01_20260701","UpperSOWE01_20260701.jpg","UpperSOWE01_20260701.jpg",0.820049584157182,0.887213310587064,0.0757018922376627,3.43014786715996,4.57971015381449,0.748987982198601,0.5,3,"macfarlane","Otsu",0.013
"SOWE02","SOWE02_20260701","LowerSOWE02_20260701.jpg","LowerSOWE02_20260701.jpg",0.541027304566937,0.658839786984794,0.178818105319702,1.55752911552991,2.26823538351646,0.686669966815903,0.5,3,"macfarlane","Otsu",0.013
"SOWE02","SOWE02_20260701","UpperSOWE02_20260701.jpg","UpperSOWE02_20260701.jpg",0.531977147231867,0.595331513832626,0.106418634204153,1.51847630711106,2.66753118518374,0.569244069402124,0.5,3,"macfarlane","Otsu",0.013
"SOWE03","SOWE03_20260701","LowerSOWE03_20260701.jpg","LowerSOWE03_20260701.jpg",0.74468799481176,0.83627645861465,0.109519361521442,2.73053786398578,3.69910822885782,0.738161117505042,0.5,3,"macfarlane","Otsu",0.013
"SOWE03","SOWE03_20260701","UpperSOWE03_20260701.jpg","UpperSOWE03_20260701.jpg",0.748755058633938,0.864544715410402,0.133931368398335,2.76265390735592,3.47620943684093,0.794731720729271,0.5,3,"macfarlane","Otsu",0.013
"SOWE04","SOWE04_20260701","LowerSOWE04_20260701.jpg","LowerSOWE04_20260701.jpg",0.842842196240837,0.933014104395739,0.0966458146024498,3.70100971788616,4.36035255466681,0.848786805994629,0.5,3,"macfarlane","Otsu",0.013
"SOWE04","SOWE04_20260701","UpperSOWE04_20260701.jpg","UpperSOWE04_20260701.jpg",0.574076209048675,0.687545148433483,0.16503489209885,1.7069896863935,2.47736042392375,0.689035664697469,0.5,3,"macfarlane","Otsu",0.013
"WARO01","WARO01_20260624","LowerWARO01_20260624.jpg","LowerWARO01_20260624.jpg",0.768511988007973,0.900381017614297,0.146459140104632,2.92645438169682,3.45927971018985,0.845972175385671,0.5,3,"macfarlane","Otsu",0.013
"WARO01","WARO01_20260624","UpperWARO01_20260624.jpg","UpperWARO01_20260624.jpg",0.758438549905157,0.871070956006467,0.129303365385626,2.84126277303676,3.56371498280181,0.797275535992204,0.5,3,"macfarlane","Otsu",0.013
"WARO02","NEW_WARO02_20260624","LowerWARO02_20260624.jpg","LowerWARO02_20260624.jpg",0.912934040336452,1,0.0870659596635481,4.88217858106231,4.88217858106231,1,0.5,3,"macfarlane","Otsu",0.013
"WARO02","NEW_WARO02_20260624","UpperWARO02_20260624.jpg","UpperWARO02_20260624.jpg",0.868739312568319,0.986625639990049,0.119484354190226,4.06113990554917,4.19231016301601,0.968711700144706,0.5,3,"macfarlane","Otsu",0.013
"WARO02","OLD_WARO02_20260624","LowerOldWARO02_20260624.jpg","LowerOldWARO02_20260624.jpg",0.757111851570538,0.833266081633393,0.0913924516327079,2.83030847227719,3.98733217153544,0.709825103732778,0.5,3,"macfarlane","Otsu",0.013
"WARO02","OLD_WARO02_20260624","UpperOldWARO02_20260624.jpg","UpperOldWARO02_20260624.jpg",0.801436184855646,0.87832660439574,0.08754194528013,3.2332894872948,4.27856994824458,0.755693964667181,0.5,3,"macfarlane","Otsu",0.013
"WARO03","WARO03_20260624","LowerWARO03_20260624.jpg","LowerWARO03_20260624.jpg",0.564079316064654,0.602516896440169,0.0637950248409868,1.66058993952319,3.31634948773866,0.500728269340366,0.5,3,"macfarlane","Otsu",0.013
"WARO03","WARO03_20260624","UpperWARO03_20260624.jpg","UpperWARO03_20260624.jpg",0.524977444621271,0.558673309200585,0.0603140762667375,1.48878598213404,3.13772133801065,0.474479987785643,0.5,3,"macfarlane","Otsu",0.013
"WARO04","WARO04_20260624","LowerWARO04_20260624.jpg","LowerWARO04_20260624.jpg",0.699156082216114,0.835490662374615,0.163179059082496,2.40232738858599,3.02933400641145,0.793021629012044,0.5,3,"macfarlane","Otsu",0.013
"WARO04","WARO04_20260624","UpperWARO04_20260624.jpg","UpperWARO04_20260624.jpg",0.491317246676472,0.554962723343461,0.114684237318763,1.35186146232272,2.40362423482026,0.56242629057358,0.5,3,"macfarlane","Otsu",0.013
